post_dt,cust_id,rqst_amt
2018-01-01,085f9853-e286-4a69-a06c-27d04cc89f66,160877.4609
2018-01-01,29674fd1-ce09-4c39-8431-fc517bf39d8f,202572.2544
2018-01-01,77b2636f-4777-4a1a-abfc-aa968ac84d43,57687.23127
2018-01-01,79c92711-85a1-41ba-b0b9-ebc2711b2b5f,159857.8755
2018-01-01,40f9c527-41d1-4565-9b6f-e04c4885ccba,256466.1334
2018-01-01,8a033af5-76de-4983-8e97-552c6f6928bd,297218.9098
2018-01-02,20670458-1037-4452-b64b-6001848354ec,97754.23548
2018-01-02,708d8661-7015-4520-9598-333ecf56b489,223070.0594
2018-01-02,9cd1d354-9d34-46a7-920b-42eb82bff245,162838.9754
2018-01-02,024cc383-1b78-4e9e-b919-4b9d9f21f5b5,74554.30282
2018-01-02,391f9546-e4b6-484c-b690-5ab0778067d4,226435.5286
2018-01-02,81869bea-4b89-49ff-a66f-864427a4fb13,200390.2205
2018-01-02,bea8ac79-104f-4b97-874f-d1f1c6726185,62236.99904
2018-01-02,0529d6ff-c8d7-4031-8e27-93127e17f4fb,13568.38956
2018-01-02,cfe5007b-7786-4b8f-ac50-037a0dc32c28,75043.91796
2018-01-02,075be43c-c18e-43cb-b3fb-e50b38b1e006,18224.69491
2018-01-02,23ace9d7-4b8f-4d1c-8016-e230df67e059,184847.9612
2018-01-02,d99d12b6-84e9-4583-a9e0-5f202008c452,20988.95472
2018-01-02,31c6788e-b714-4fef-b591-567afe4eb4bc,217916.5096
2018-01-02,690dcee5-972e-452e-833f-1e527f98c12f,287361.2033
2018-01-02,a8f0ebfb-703f-41cf-9447-c42663ff30e4,125149.3768
2018-01-02,da8f037d-e672-43f7-ac0b-50c2294ad9d3,147501.6464
2018-01-03,dc5225b8-605c-473a-9a2c-26c3b1a397e2,295679.528
2018-01-03,f0ec919b-2669-4a47-9af0-6bcf913f448c,163692.1664
2018-01-04,7060795a-5577-455b-bd2d-0a30c7fa3fed,43538.16733
2018-01-04,0e50e043-b0ec-4833-a92d-48b9ffd75cf9,173642.3057
2018-01-04,7b36b0c1-01f5-405c-b189-1a394d222c57,69012.44421
2018-01-04,600aed3a-2ae7-451a-bee7-983214995b29,75933.13273
2018-01-04,d4f10b18-70bf-4bd1-9aaa-22b89798f920,238341.3487
2018-01-04,b612641e-3f96-4c99-8e66-f426bb258291,148100.2635
2018-01-04,4b46d3b4-dc1c-4206-81ad-254b264d1117,149869.437
2018-01-04,cbc0419e-e443-45d7-a009-f60e90a48c58,269755.9303
2018-01-04,33270ad8-2e9c-49f8-b62c-e51038290379,253727.1491
2018-01-04,8a2d7e25-6fe3-46c4-b957-7b0b9e8dfe33,117133.0635
2018-01-04,b3861d33-a15e-4f08-9b8d-38dc909ad9f6,179340.4907
2018-01-04,e3a2fcb5-95a4-4603-adc3-24f2530c0781,202975.4803
2018-01-04,542a29e3-2f89-46fe-8b42-c3bf06cf883a,103179.3022
2018-01-04,c72d2cbe-2574-4a04-9cec-c17e1df4e664,279093.4094
2018-01-04,1fcce2b9-b800-44a4-a756-7bb1ec329beb,250534.5929
2018-01-04,6ba556ed-cc02-416c-987c-a2275eaa19de,259415.1582
2018-01-04,319d7229-39d1-46f1-8bed-490dfb8ce3e8,222385.6486
2018-01-04,40c333f4-7e43-45ad-afb5-fa788760c1d2,20782.3883
2018-01-04,1158f1fe-1966-4b35-abaf-88194c7c3152,227150.3508
2018-01-05,5ac8f5c5-cb83-4924-9d02-eee0ef5ad387,194585.497
2018-01-05,9301151a-dbb8-4529-8e60-54e26c5ee31b,271794.0634
2018-01-05,55935d81-1927-4e4e-a759-3c2c8194c7ba,195928.9202
2018-01-05,a7cee8e2-d57e-4dfd-9f66-89f64083889e,21130.36697
2018-01-06,cb891b8d-77cb-4f01-b12f-6ba3b31db139,39805.32404
2018-01-07,9fcddc7d-eeb1-4626-adf4-d441069f1b1f,159803.3947
2018-01-07,b6bbfda1-6d69-4082-a8ad-1aaa0b559ef0,89828.33774
2018-01-07,969fba2e-971c-4b7d-860c-9957f1ac6683,116464.3534
2018-01-07,8fa92fee-bf83-4497-8876-098a3a1cfc6c,244779.3271
2018-01-07,8f9fdc76-7cbd-4a24-ba89-b29e1e52a26c,34219.50211
2018-01-07,f24bd66d-3085-488c-833b-562b2ecfcd74,133727.9177
2018-01-07,79dcb65f-6c93-4198-9b62-03d36d81d794,154513.9026
2018-01-07,01cb7e8d-a27d-4281-92d2-e03be28676c8,274768.8342
2018-01-08,fcfbf4be-abe4-462d-8076-8dc000a98bbb,258026.9214
2018-01-08,6090487a-1eaa-4e5d-8472-975edfb64845,91467.76771
2018-01-09,55aea5b2-7b92-422e-9199-311888b40d45,162301.1765
2018-01-09,6fda7a5e-19a4-44f1-8bf9-260b6ddcca59,149099.6601
2018-01-09,545f263e-874f-4d2e-98fe-b6675d5f1e1e,232145.332
2018-01-09,deb35682-2815-46f5-9d5c-20547e808b65,224992.7277
2018-01-09,cad64661-6c9f-4115-92d7-89fe1d8e3399,169959.3097
2018-01-09,cf44720a-d520-4f0b-9d2a-53b5246877a5,71257.93607
2018-01-09,31fa5b71-aea2-4441-a2df-20ef6763a37e,211635.193
2018-01-09,5004a74a-e398-47f6-87bd-48694c2e4282,12870.11642
2018-01-09,0dd8a30b-5251-4874-aac3-477507ee97d9,105941.1493
2018-01-09,519579cf-5a10-4ede-be10-9973a1aa64b6,234778.8974
2018-01-10,58f2fb3a-06e9-451c-9d80-456b465b85d8,116126.1454
2018-01-10,52a345a5-9ae6-4a18-8ca1-2bbd352401ad,129149.282
2018-01-10,0b80d647-b68a-49b1-b386-472500ab144c,151638.66
2018-01-10,46e665d7-072f-4120-8671-0b793cc092b8,222182.3379
2018-01-10,5fcb672c-1966-49dc-a658-9bf0f2bf1aec,129403.0206
2018-01-10,66df3add-2dcd-4f04-94e7-226bbbe95bf9,288036.9692
2018-01-10,59fac7bb-395a-4104-b704-3b803e12be93,72867.35809
2018-01-10,6340c070-32f0-4465-a50a-b47208b4b650,206623.7844
2018-01-10,86323841-f2ba-4e85-918d-1a0be65bf3b9,171546.252
2018-01-10,2ddbb2b2-ecf7-4e45-8503-ec006f6ec9dc,130176.4458
2018-01-10,6d862cd6-1fe8-4d84-925d-72e7b4e39b89,282082.9644
2018-01-10,73a323fd-f0e8-4fba-baec-c87aa537728b,199030.8181
2018-01-10,fa8bd093-aef8-4b90-ba79-5c28da9aa730,235339.6545
2018-01-10,562c74b0-784d-4aef-8227-ec59195c0350,198537.4449
2018-01-10,a998570c-26be-4820-b6d6-9da3aec8295b,458.3474042
2018-01-11,d5b9e8e9-7073-43ea-bc84-2548dd5d2f61,229900.0132
2018-01-11,91927f30-0809-474f-8743-a9ec5f7a6368,119464.4567
2018-01-11,079dfb95-d098-45fb-b37e-f0cff5224a1a,276119.0196
2018-01-11,f1e9f6a3-0a38-4af7-b6ba-ead520a7220c,211059.7161
2018-01-11,44ff43c0-0b40-4427-b697-933f5a39318c,5148.438464
2018-01-11,1a6abd01-1a6b-441b-aaf9-2229c178dc1d,229923.007
2018-01-11,19e6168f-bf2d-4136-bc57-17a1adc7601a,272986.9547
2018-01-12,99d4ccff-6b4a-4a3c-bf2a-77cfe2cc0008,43150.3669
2018-01-13,b75483f5-aa55-499f-a92b-a72819f4adc2,242165.5815
2018-01-13,2b316a00-4b05-4a2e-ab8f-ce5d299ef2aa,266654.7681
2018-01-13,5c3ae40c-62d3-4208-82bb-8abd1f9a8bc7,46608.67503
2018-01-13,50ff30e8-1ba2-4d0a-bf66-6e1cca873805,86449.55616
2018-01-13,d2656b55-dda8-4663-9ff7-8fc1f786de46,101832.1141
2018-01-13,b7781711-540c-4614-8dc0-c8a968ed2035,192609.8591
2018-01-13,1d5bb899-812e-4d1d-acfc-35c42f1cd0db,37621.97847
2018-01-13,731860ee-b235-47b6-97f1-0954ba4b85e6,279165.3742
2018-01-13,361b1ce3-afa9-49a4-be6f-0219771d22b5,45671.93171
2018-01-13,89b6d786-ed79-4ba3-bbf3-a966d82e5358,184322.5886
2018-01-13,b9ab8283-8af2-49b2-8715-adc766096a42,66238.80681
2018-01-13,8eac6dc3-5d40-452c-80ff-b12f031a936b,17344.52848
2018-01-14,3b8f6bb2-2893-47b9-bfaf-f3493e162ada,14989.11019
2018-01-14,18724c75-6d4c-4a6c-81ed-7f97a62db9dc,244413.4644
2018-01-14,c1acfc63-d988-4b14-bab3-a3986ca9eec5,137644.0337
2018-01-14,acf40d31-4d55-4ef9-bcfc-2e2992a6f6ab,28858.25944
2018-01-14,bbd7a7e7-f241-45c1-8a40-fc7ffd8801e1,28067.44924
2018-01-14,fa54dc00-2e9d-40eb-945f-093561a36669,108420.2267
2018-01-14,48d71466-7048-406f-b131-bccf9010f651,189735.4481
2018-01-14,0a1ef143-ff66-44ab-a6ec-e82dd70ea724,44959.63867
2018-01-14,743a6003-fbf5-43ff-b3b7-b6b8c43f6b14,132373.0766
2018-01-14,cf64bb99-a52b-466d-a58e-8866a98c5147,149458.7634
2018-01-14,ae5e5346-ae05-4192-8744-0f511bb5ed34,50583.09544
2018-01-14,5ce44aa3-6895-4870-be52-35cd0726214a,146750.0096
2018-01-14,7b41cfe6-4bba-4503-bd09-9f6426ece524,48275.47161
2018-01-15,a1cfe0ac-30fa-43bd-a818-2073b15f26b3,29019.94881
2018-01-15,41597732-3a94-4cc7-af28-53650e187e5e,154445.9432
2018-01-16,fbc0b427-c973-414b-9901-d656c96d5c55,94065.74867
2018-01-16,cb996fa4-73b4-4865-8355-4ee96605cfc7,275704.7997
2018-01-16,1fac083e-076f-4bfb-a929-d7a4dccddc0f,1239.610835
2018-01-16,6979998a-2a39-4fb4-bf60-b5f59eee80b3,151134.2199
2018-01-16,20401a32-aee8-426f-a8d2-8913b47f5b13,276304.1108
2018-01-16,97d53a9a-099b-4339-919e-94d9f3735e88,124658.2839
2018-01-16,f5bc7675-e00b-4786-bebf-1e3e020b3082,147985.7192
2018-01-16,74e12709-09b3-4ba8-8cbc-627bc7ddfc1a,66639.06283
2018-01-16,dacfc89b-8ea3-4963-8727-605c759607a8,209974.152
2018-01-16,25b2f0d1-9274-407e-8ad6-8efd618c5c73,6039.700869
2018-01-16,e4757962-4245-4a61-a223-35f0aec77d98,197568.2805
2018-01-16,a3a0c907-6a63-4db4-9b0b-d2f1e324c1c2,294175.1099
2018-01-16,99b9a6ac-5224-4590-a754-7c2360a78b29,281014.3513
2018-01-16,d069976a-11a2-4714-b44e-e4eb9de98a19,240148.6029
2018-01-16,e521da5f-3f1c-48dc-aa7d-9c935d86d475,281634.482
2018-01-16,fcff6d74-8caa-4b15-8783-35ba01421c9d,22867.09358
2018-01-16,ed64e073-136d-48ad-8941-0d6c4275fd78,199279.7518
2018-01-16,9d09866e-3843-4f06-80c6-912a2ba00016,22580.8909
2018-01-17,30a9589e-008c-488b-8de3-d8dba91c2a4c,33987.34992
2018-01-17,65d6e724-5f89-46e7-bd9d-5178e025afd0,114438.7508
2018-01-17,519973e7-4030-4b86-b6d5-bf0e6c99d4dc,188381.2125
2018-01-17,68584635-3f32-4788-8366-a8485ad19027,244100.2951
2018-01-17,f86472ca-0e5d-468b-a9e0-7754a686c932,162350.2739
2018-01-17,614f9f33-4e14-46a5-8a22-defc474fe01c,20754.14603
2018-01-17,fb8591ec-5c47-4be8-9abd-a611895cb120,182433.5907
2018-01-18,3a068553-5db3-4fe0-a002-54ae506012e0,241350.1108
2018-01-18,a70c0a01-de0b-42ac-988d-1616e399c963,217117.5578
2018-01-18,f6a030a6-6ed4-4699-8ea5-011763a3550e,144526.8794
2018-01-18,c6985de9-70a4-4011-901f-83aef2480130,46111.76954
2018-01-18,c168a0a3-80da-4924-ad5a-69f922504336,205944.989
2018-01-18,42867385-6701-4f42-aa95-4c484e20f1e7,256836.5606
2018-01-18,c3f1c968-4422-40c2-a070-87f956d5e069,254144.4875
2018-01-18,6d6d1fb7-749f-4bf0-aaca-665e5e1e5aee,197340.7018
2018-01-20,be78c19b-4c88-4eb0-b2f9-a79e4d8ab7d9,103579.7392
2018-01-20,600e9d5f-4b91-482f-a60a-bc9ce564ee38,110077.8619
2018-01-20,a531b790-2a3b-4046-bd9a-b21ac1bfce64,280584.8634
2018-01-20,e4f72053-6fbf-405b-b94f-38b33cba04bd,143417.7774
2018-01-20,8dc79c47-f4a1-45d2-b196-fce66a6e25b5,188890.738
2018-01-20,7bd9e583-6912-41c8-9bdf-6c69fa7923cb,125236.8571
2018-01-20,96ddd894-dcc2-41d0-afc2-59369b803b99,10243.1119
2018-01-20,69a1fd99-9dec-40b7-a5e6-e3cce6315dbd,32500.1413
2018-01-20,0ac5053b-b7c4-47e3-b56d-44df71c07a00,98451.8586
2018-01-20,db72c984-072b-4a38-bd6b-6cf7e271b73a,192202.0845
2018-01-20,78800984-9372-4a24-bf5d-375b47d42509,262814.0792
2018-01-20,5bff104e-e9fb-40e5-a2a8-1c2006be9414,72637.60322
2018-01-20,27e53459-7c92-402c-a95a-5fea732c36df,211383.4908
2018-01-20,51e06eef-366d-44b5-90b5-4b34236d368e,42840.84065
2018-01-20,4de96627-9b05-4807-b95e-bcfb62f0da97,120363.6854
2018-01-21,4b60cdca-35ee-4fa5-ba7d-a2d90585ad44,112449.1754
2018-01-21,f83372b9-4258-4433-a323-103f44741bd7,259628.72
2018-01-21,ef48e7a5-ffb1-4572-ab0c-8fbc6611dc49,130113.0406
2018-01-21,2e8c19e7-bc95-4aeb-8a47-fc8869edb110,195647.2374
2018-01-21,2ab3b29a-348f-4366-a931-8b8ad621428d,45926.39252
2018-01-21,fa7910a7-aece-4875-8600-640dad4e8f3b,218398.9361
2018-01-21,c6a4094e-22ac-4070-a387-42a91e31ebe1,153361.4914
2018-01-21,ad2412b4-ca79-4b34-b6fb-c9456a3cc090,157786.0061
2018-01-21,5bb32f93-05f1-4243-bf98-01a801772e0d,283769.4701
2018-01-21,1f131ca7-d149-4cf0-bcd3-085724d0d58c,50674.79954
2018-01-21,6d7e172a-eae0-485d-bfd0-da0d7cc2c7b7,57056.95162
2018-01-21,0e9d3e79-c5f2-44bc-9c37-6b74d695d40b,6858.453907
2018-01-22,01826c11-b130-4449-aced-4fd6461661cf,10969.96536
2018-01-22,fb4159b4-9cfe-4e3f-96f5-e0ad1cca4f9e,32290.4061
2018-01-22,649983ae-84ff-4119-b4cf-5f94b17a80ec,204338.1625
2018-01-22,e2b02e0e-8a8e-4edb-83eb-c626acf559e0,71299.5935
2018-01-22,82c5a024-4699-4115-80a5-2ee549479a3b,30123.28487
2018-01-22,bfd63746-9ac7-43cb-9ef4-e561f453248f,106939.0299
2018-01-22,1cdba28b-43af-4d1e-8171-c73fe7734701,89921.35554
2018-01-22,e462ad8a-3b3a-4b8d-912d-c2c7a38a63db,84785.08605
2018-01-22,bf6cd60b-26f3-4f43-b04e-0559b1ed3591,190917.9618
2018-01-22,92220133-673f-4c4f-9994-34602f03efe9,286578.6123
2018-01-23,caad9a85-cf6f-4ab1-9ead-aacd5bdede50,49774.25809
2018-01-23,bc695c72-940b-43a8-8d7b-956e0a1df55e,122654.8181
2018-01-23,2850e403-cdc3-4ccd-b5c4-2336586eda08,245413.4691
2018-01-23,ab2ddc0e-b0bd-4143-9c8c-9b84dd51b99e,198640.3525
2018-01-23,414d6998-09aa-4c70-8487-e7c0aac42707,225533.161
2018-01-23,b4971401-bbc4-4692-a2dc-60cee5d6add8,203104.526
2018-01-23,ec237b69-be2f-49d2-b3ab-e5d3a9937c16,250013.1772
2018-01-23,71257929-37ab-498d-b1a6-c2ba30fa25ae,101274.538
2018-01-23,d448b182-44eb-4251-bbf4-cb7eb030dc4e,25874.69166
2018-01-23,daff1e0e-2f3a-4273-81bf-3e34b7a25778,86573.12618
2018-01-24,090d01db-1f0a-4d4f-8888-3876ec0b461a,174536.0354
2018-01-24,22ed0de4-5bcd-4285-baf7-6b5a9db5efbe,77271.97155
2018-01-24,7a94cc8e-610d-48d2-a46f-25d7cc1bbc28,113153.5054
2018-01-24,8e9d44e6-c870-403e-aef1-3eb9b297931a,29459.88631
2018-01-24,28814b9a-ba47-4d19-a94f-179fcaf7880f,118205.5001
2018-01-24,320d7b5c-b640-4ba9-9d50-742567b0e88c,82186.8406
2018-01-24,514e7cbe-99fe-4c89-ba52-2965a04d55ea,155528.2866
2018-01-24,d02cc345-79ba-4702-ac4e-c4c073d5a6f0,164339.9317
2018-01-24,002beeae-017e-4271-a6b5-c1bac8da8fec,155643.105
2018-01-24,82b6ed6a-16fa-4945-a52a-ab2b344083db,50352.49579
2018-01-24,55c8804f-8d98-42b6-bd19-1a22a1dd31bc,295345.5783
2018-01-25,d8065a5c-ec26-4b29-b5e9-8c8f55cd19fd,15226.53401
2018-01-25,5e441146-9a58-4795-9ea8-ae8287a212b3,209484.5705
2018-01-25,522f132f-2e41-4477-85b9-3cf3a6bbb894,296084.427
2018-01-25,e834e0f7-0e63-44fb-b8a1-37a7709ec90f,211494.3277
2018-01-25,51c5f23b-ad43-40c4-9ada-c78020e96db2,162018.4649
2018-01-25,38f1c690-b551-4f6c-b6a7-7d47a8a21ab7,170364.3218
2018-01-25,65830fc6-febc-4780-9624-18d8241cb361,132492.6393
2018-01-25,2196a6bc-56d4-4065-97e2-7a839cb0910e,48441.47292
2018-01-25,e545ebaf-3111-4869-85fa-9eb92301fc71,200519.4448
2018-01-25,67f11b66-b8d0-461b-9671-a46c24bfbeca,28852.84318
2018-01-25,8e62a8e2-52bf-4b5b-8c59-8151cabe4687,147629.9483
2018-01-25,0de7ef2b-e6f2-44fa-a406-47fc94872ad4,132936.7974
2018-01-25,f8c22132-3f76-487d-aabd-540f1b439f87,44049.85682
2018-01-25,46e7249f-51c3-4aa1-8b3c-231c2b92e7a6,271528.7547
2018-01-25,0d437151-ca6e-492a-93d7-727eec1ba75d,74195.93811
2018-01-25,9eba3f9e-03f0-4638-938c-0b22a46919cd,199367.0007
2018-01-25,823e4fc7-1b92-4025-8e9c-fe394d009230,283744.0714
2018-01-25,7dc9fa6e-d5d5-405f-87a3-8c5d6a39baa0,93488.35557
2018-01-26,ccaae9cb-3357-49a2-8da4-7ad942f9aa07,173958.1427
2018-01-26,45b98d9d-18f2-4737-b12a-8019c2238c5f,242314.498
2018-01-26,5d9281f6-61b8-4946-b238-25e4c620f0d1,285304.4018
2018-01-26,93c568e3-96e9-4856-8820-5691b3ee6c23,156897.4415
2018-01-26,e7484e7c-5e30-4e18-aa3d-e811120524dc,104913.9012
2018-01-26,f3735ed0-fef0-470b-a035-d547e12b09d3,88076.87942
2018-01-26,fda7ee5e-49cd-4a81-8dde-e833c3686cb0,176918.781
2018-01-27,3c8d55bd-e510-4bf4-918f-545882014148,129052.9354
2018-01-27,c2f0c563-734f-43ca-855b-652ace687e35,213700.4354
2018-01-28,ad25fc9f-f842-4aff-8972-9a0cb33d9955,194940.9316
2018-01-28,c7097cb8-7f61-4ad2-a8c7-3ddc3b80eb1d,16016.28315
2018-01-28,d4b7bc3a-6a83-4908-bab9-2da8a4a3b204,28510.58077
2018-01-28,a2af7699-49e0-4ed6-a92f-d0b703b1b4be,189297.1861
2018-01-28,19c722e0-0054-436c-97b3-9cae7625cafc,28737.23394
2018-01-28,54f25d44-87ae-490f-870c-eb1d123e1845,23574.78187
2018-01-28,e36dbc88-3f83-46ce-b99a-2a4318754bb9,254443.0198
2018-01-29,2919c29e-acb4-4bb8-b750-ea2ee99de9a5,47326.38338
2018-01-29,cc4477c0-697a-42e6-ba40-306fdcc2a70b,134010.0547
2018-01-29,92483d94-9ab1-45ab-b44b-d820df8389b4,295.058091
2018-01-29,74abc0c2-3b8f-4eec-8644-6ada969c9099,65783.7201
2018-01-29,51da949a-2cb7-4e23-ac7a-07aa4e1dfe22,187066.9174
2018-01-30,c1ba28b9-7902-4f6c-8e8e-b20868f61959,155634.4717
2018-01-30,de689615-5276-45c1-9e0c-a293c63102d4,195749.5715
2018-01-30,56639e87-cd57-4138-9fbc-198c2eb359dd,93380.83789
2018-01-30,f3d2064b-80c3-4723-969e-ff8387f8d873,216477.0557
2018-01-30,530e3a31-5fe9-4f5d-b3e4-40a61913272c,110319.1681
2018-01-30,5af5c5f2-8fe8-43ab-a3b2-177c94c65bbd,204801.894
2018-01-30,7c10ab4b-cc4e-4da3-a3db-c4e0fabec893,298181.0295
2018-01-30,aa682339-a729-4202-bc79-a9db0b746cfb,158610.8515
2018-01-30,97e3b9dd-bc6f-4328-b3f6-fdddd3289d46,207677.6975
2018-01-30,daec4451-94cb-40c6-a4ba-ffa721496450,26446.25829
2018-01-31,3fdd3bea-7f72-417c-8221-dca8c852a8ce,273146.6716
2018-01-31,f14715cd-7a6a-4d2c-90e4-d33369b5fb9e,228897.4036